username,topic
baokhuyensusan,Beauty
vietthienthu,Beauty
thaoxing7,Beauty
_halinhtran_,Beauty
mittdayy4,Beauty
tii.nefff,Beauty
tantan_ponpon,Beauty
huynhmy075,Beauty
miibeo.daily,Beauty
ciin,Beauty
aifuongg,Beauty
dinhh.24,Beauty
bbyvikute,Beauty
ngdiuthen,Beauty
julie_ulie,Beauty
t.zen_n,Beauty
dinggv,Beauty
_pghihi,Beauty
charminglae,Beauty
vuhabangbang,Beauty
xunanh_kk,Beauty
tran_lam18,Beauty
shewascalledhaianh,Beauty
nootomboy,Beauty
hitthatplayground,Beauty
whynotchaooo,Beauty
ppthaoreview,Beauty
chloepham1002,Beauty
ohara_140399,Beauty
bemap1234h,Beauty
embeautyinc_news,Beauty
linkcua,Beauty
tamaianh.94,Beauty
_chau.ank_,Beauty
pawk207,Beauty
phun.anh,Beauty
huongthuf,Beauty
_milourking,Beauty
huynhtranynhi.1806,Beauty
anhocgioihihi,Beauty
rinabeauty859,Beauty
tnhadinh,Beauty
minhhuyendayroi,Beauty
nghuwgg,Beauty
metraikhdauthai,Beauty
tkienn2204,Beauty
_khanhlinhh1804_,Beauty
phanhlovefamily,Beauty
nguyentrandongthuc1701,Beauty
khanhha0302,Beauty
khanhngan.vivian,Beauty
thubee26,Beauty
bchou_11,Beauty
mammam0909,Beauty
glambaby_,Beauty
nhung_dailyvlog,Beauty
chikimhoang0310,Beauty
liendayroi,Beauty
baothichlammau,Beauty
m.diu505,Beauty
bon_bosicula,Beauty
cothamvelangg,Beauty
aisha.wyn,Beauty
thybui.__,Beauty
nyuyen.dung,Beauty
_tradangditam,Beauty
mytamne.02,Beauty
samsam_m53,Beauty
halinhofficial,Beauty
huyenxemxinh,Beauty
nguyenmyhie_p,Beauty
hoanglinh01099,Beauty
vbtun05ne,Beauty
duongocvlog,Beauty
teresa_phuonguyen,Beauty
duongtieuhuy99,Beauty
phdi03,Beauty
dqlam147,Beauty
foxiereview,Beauty
duongthoanco,Beauty
chiphamdaymakeuponline,Beauty
chu.chang.anh,Beauty
lthvsm,Beauty
hoangthachhh,Beauty
phamsontrang,Beauty
tiemnhabeubeo,Beauty
klinhkltinh,Beauty
begiangchuchoe196,Beauty
nganhuane,Beauty
khanhsthinef,Beauty
lethikhanhhuyen2004,Beauty
phuepwintphyu00,Beauty
hangluna.official,Beauty
n_qcheng,Beauty
_nhpa92_,Beauty
_babymelrz,Beauty
klynh.10,Beauty
lehuynhbaotran0704,Beauty
innis_stu,Beauty
kyduyn997,Beauty
lampark.chuyenmacdo,Fashion
cam.iuu.ii,Fashion
nhahanngx,Fashion
ttruc.__,Fashion
haen826592,Fashion
giathilinh,Fashion
bachluuduong,Fashion
thu.hng3187,Fashion
blmhuong,Fashion
tranthang278,Fashion
morri_26,Fashion
thanhhieune3,Fashion
salimhwg,Fashion
jenny.huynh._,Fashion
manhhungtuoi35,Fashion
p_shiri,Fashion
thanhanm65,Fashion
pnkhaai_18,Fashion
nguyencaokyduyen1311,Fashion
nauxinhh_02,Fashion
meomeoporsche,Fashion
lila68b,Fashion
_thanhthuy.hhvn_,Fashion
anhthw541,Fashion
phun.anh,Fashion
aophitofthuyn,Fashion
nammeodeyy,Fashion
nangmothantho,Fashion
manh6trai,Fashion
kartychang,Fashion
huyenkiu1m52,Fashion
mikoxinhne,Fashion
dinhquynhlan_,Fashion
nthcamne21,Fashion
picpixpik,Fashion
tetelinh,Fashion
hoangyentp,Fashion
lila6688b,Fashion
storecuaka,Fashion
ti_hon11,Fashion
kimboopham,Fashion
deniegem,Fashion
hoanganh.officials,Fashion
_bbhk18,Fashion
changiu110,Fashion
minchimoah2,Fashion
tuyetnganoi,Fashion
hetganh1,Fashion
thaotrinh116133,Fashion
2chijbell,Fashion
trucanh.nguyen98,Fashion
ihane2s,Fashion
nhatlinhneeeee,Fashion
phamquynhhoaa,Fashion
c.b.495,Fashion
synaeshy,Fashion
tina_nguyen99,Fashion
minhchaung2k,Fashion
truongshy,Fashion
simplemanlegacy,Fashion
ngocsun.01,Fashion
thichmuasam124,Fashion
yendan7,Fashion
naneuyennhi,Fashion
maihoangb,Fashion
linh.ne2008,Fashion
thuylinh.vux,Fashion
lan_huong0502,Fashion
my.s.sm3,Fashion
nguyenminhtranggg,Fashion
yeolan__,Fashion
tkieulunne,Fashion
dieutrinh_1407,Fashion
than_ngoc_hue,Fashion
trameebui98,Fashion
mikyeon_z,Fashion
choubabi28,Fashion
aodai_forher,Fashion
quynhphanxt,Fashion
juannguyensuit,Fashion
giangyen_,Fashion
lnquyh,Fashion
bychloenguyen,Fashion
soobin.hoangson_official,Fashion
tientienreview03,Fashion
hoabenholife,Fashion
lynguyn.2002,Fashion
huylong.ng,Fashion
chutprincess,Fashion
anphuongtruong,Fashion
yencunz94,Fashion
_ttb_,Fashion
hachanhsaneee,Fashion
meembun234,Fashion
honganh.tran,Fashion
imfish9610,Fashion
depngo1303,Fashion
po.trann77,Fashion
tuongot_sieucayyy,Fashion
thaivanbui,Fashion
